323848642249240576,Mon, 15 Apr 2013 17:21:47 +0000,soke_loveyou,やばいぜやばいぜTwitterみてると、そらるさんとぐるたんがすんごい好きになる（＾ω＾♡）笑
323848635211210752,Mon, 15 Apr 2013 17:21:46 +0000,syuukatucom,twitter(ツイッター)攻略術～完全自動＋無料でフォロワーを増やした方法 https://t.co/lSqTJ3ulfY
323848623035142144,Mon, 15 Apr 2013 17:21:43 +0000,umdri,Twitterのアイコンがひとつ前のラッテちゃんになってた...予兆か！
323848617309900801,Mon, 15 Apr 2013 17:21:41 +0000,cherrymichu917,@t_yxh_o Twitter凍結されて,また作り直ししました！フォローしました！良かったらフォロバお願いします♪ヽ(´▽｀)/
323848613446963200,Mon, 15 Apr 2013 17:21:40 +0000,matuda517,http://t.co/59DwHh26pG明日の大阪の予告はデマです。Twitterでの発言は、気をつけよう
323848610930372608,Mon, 15 Apr 2013 17:21:40 +0000,shisa_a,Twitterバグった。戻るボタン押しても押しても、るんるさんのこのツイートがエンドレス表示されるという。ロッド緑に同意です。&gt;RT
323848608271192064,Mon, 15 Apr 2013 17:21:39 +0000,zako_doll,ネタツイを考える ↓ Twitterに投下する ↓ ＿人人人人人人人＿＞ 3秒でパクられる ＜ ￣^Y^Y^Y^Y^Y^￣ ＿人人人人人人人人人人人人人人＿  ＞しかもパクツイの方が伸びてる＜  ￣^Y^Y^Y^Y^Y^Y^Y^Y^Y^Y^Y
323848608006934530,Mon, 15 Apr 2013 17:21:39 +0000,fujimakisss,Twitterちゃんと仕事しろよらでぃさっさと規制させろよ。キリンさんの規制解除しろよ
323848602793414657,Mon, 15 Apr 2013 17:21:38 +0000,shenye3310,1cfUQのアップロード主がJP_Questであるコトを示すshenye3310のツイートキャッシュ http://t.co/XieXvQoPpP http://t.co/e6xl4xN5mx
323848601040199682,Mon, 15 Apr 2013 17:21:37 +0000,ruliy3983_,不定期bot TL荒らされたくらいでリムるならTwitterやめたほうがいいよ
323848594480320512,Mon, 15 Apr 2013 17:21:36 +0000,afi99a,【Twitter】ツイッター無料で自動ツイートする方法。自動つびやき方法。インストール不要 http://t.co/hk3xczkhqD　#followme #sougofollow
323848592471252992,Mon, 15 Apr 2013 17:21:35 +0000,0_tuyumen,“俺をもう一度見直すっていったら聞こえはいいかな。 Twitterにはリア垢作るかと思われます ”
323848592408342530,Mon, 15 Apr 2013 17:21:35 +0000,nor_to,てかTwitterて色んなやつでできるんだなぁ、種類多いね
323848591665922049,Mon, 15 Apr 2013 17:21:35 +0000,tenkuu5120,チラ裏にハマる→精神が非リアよりになり病むチラ裏辞める→Twitterだけじゃ我慢できなくてむずむずする
323848587593265152,Mon, 15 Apr 2013 17:21:34 +0000,m_xoxo263,@laritancraizy42 ありがと。Twitterあらそ。ﾏﾁﾞで
323848587580690432,Mon, 15 Apr 2013 17:21:34 +0000,kasegu444,★このブログでは、Twitterを活用したネットビジネスの手法をお伝えします。http://t.co/5juHACW4nR
323848582237126656,Mon, 15 Apr 2013 17:21:33 +0000,Kurusu_Kanako_,RT @game_watch: 「アイドルマスター」我那覇響のフィギュアが8月に登場真っ白なステージ衣装“天使のミズギ”をまとい、ハム蔵とポーズ! #imas #IDOLMASTER http://t.co/sXTnomPx2u
323848579393417217,Mon, 15 Apr 2013 17:21:32 +0000,realxxbananaxx,飲みナウのんは潰れてる笑 http://t.co/WHgtspHkGT
323848567817121794,Mon, 15 Apr 2013 17:21:30 +0000,l_blue_s,正気じゃねえ http://t.co/37qTxiN8hz
323848564176453633,Mon, 15 Apr 2013 17:21:29 +0000,kaorinokoranai,ファーストってRt通り打たないとセカンドにtwitterでボロクソに言われるみたいなので当分Ａフラでいいです
323848554131095552,Mon, 15 Apr 2013 17:21:26 +0000,pepsimaso,う～ん http://t.co/fv1y2QYTLt
323848548254900224,Mon, 15 Apr 2013 17:21:25 +0000,hiro_abc1,RT @ILove_t3: #拡散希望ゆってぃこっぴ♡が、うちの妹とその友達のプリを悪用したらしいです本当に許せません姉や先輩として先生にも話しましたが学校側では何も出来ないそうです…なので、Twitterにいるみなさんお願いですこれを拡散して下さい http://t.co/yEoMbkFClu
323848546833027072,Mon, 15 Apr 2013 17:21:25 +0000,ZOJOK,【定期】David Guetta/Pitbull/Owl City/Taio Cruz/Carly Rae Jepsen/Flo Rida/Usher/Nicki Minaj/Talor Swift/Justin Bieber http://t.co/gwetOjZpes
323848546283577345,Mon, 15 Apr 2013 17:21:24 +0000,sickle1029,RT @hatabow_da_joe: やっぱTwitterええやん。ぬるま湯のFacebookより本音が流れてくる。日本では仲良しこよしのツールになりつつある。そんなん求めるためにやったんじゃない。自分に反論する人から逃げ仲間で傷舐めあうなら他でやってくれ。人として好きかというのと意見が違うというのは別次元の話だ。
323848546166140929,Mon, 15 Apr 2013 17:21:24 +0000,izumi00kisaragi,やっと律子描き終わったー！背景考えるだけで90分くらい余裕で使ってる！！Twitterにあげるのは明日にしよ…
323848544312250369,Mon, 15 Apr 2013 17:21:24 +0000,arinarinyo,@milkmokaka すみませんですが, このリンク &gt; http://t.co/lCWDSFqNzy を開けて、インフィニットのツイートをRTして宜しいでしょうか? お願いします (&gt;_&lt;)
323848534958940161,Mon, 15 Apr 2013 17:21:22 +0000,karurank_poke,@tomokaaishitel ｱｱｱｯこんな時間に規制されてる人がいるｳｳｩｳｳwwwwwwwwwwwwwこの人はTwitterが現実だと思ってるﾌｯﾌｳｳwwwwwwwwwwwwwwwwwwwwwwwwwwwwwwwwwwwwwwwこんなツイ廃にならなくてよかったｧｱwwww
323848533952323584,Mon, 15 Apr 2013 17:21:21 +0000,berinangi,【日テレ系】翠星のガルガンティア（第２話）「始まりの惑星」http://t.co/M3DZ6XQQbX（実況アカ）#TV話
323848530013863936,Mon, 15 Apr 2013 17:21:21 +0000,arinarinyo,@jasminex21 すみませんですが, このリンク &gt; http://t.co/lCWDSFqNzy を開けて、インフィニットのツイートをRTして宜しいでしょうか? お願いします (&gt;_&lt;)
323848529044983808,Mon, 15 Apr 2013 17:21:20 +0000,o10ri490,辛いラーメン！東京で。 http://t.co/nAiMUP9v48
323848524284428288,Mon, 15 Apr 2013 17:21:19 +0000,kanachii0712,RT @xxshoodragonxx: 報告→→→→彼女できました*\(^o^)/*おんなじびっぺんさんです(⌒▽⌒)！重要→→→Twitter、CAS今まで通り                  絡んで下さい*\(^o^)/*！！ http://t.co/2DW1BMunxe
323848523294576641,Mon, 15 Apr 2013 17:21:19 +0000,kyubd,■Twitterマーケティング■初心者でも1か月で1万人のフォロワーを獲得し、稼ぐ方法http://t.co/lzT6uooEhW
323848522866778112,Mon, 15 Apr 2013 17:21:19 +0000,guilty_higashi,RT @yobot_sayings: 「ヴァンダイクパークスの弾語りはとてもめずらしいなぁ～!。。。ケンタッキーおじさんに似てるけど、Van Dyke Parks --- Sail away。。。http://t.co/8nuwzPz2am　。。。♬」Twitter(2012.7)
323848521172254720,Mon, 15 Apr 2013 17:21:18 +0000,yumifukumoto197,初Twitterーわけわからん。。迷いこんでます。助けてー(&gt;o&lt;)
323848518315962368,Mon, 15 Apr 2013 17:21:18 +0000,sg_ksoo_9,ってことで残りの時間Twitterに張り付くぞー
323848518118809600,Mon, 15 Apr 2013 17:21:18 +0000,Mr70ya,RT @samejima_kizan: もう本名でTwitterやっちゃいますか
323848510422278144,Mon, 15 Apr 2013 17:21:16 +0000,shimoyamagi,@henryhenry0502  帰れたす♪わしはラジオつけてTwitterしてきよしとマッターリ♪ http://t.co/aV4g14xZ4F
323848510212554752,Mon, 15 Apr 2013 17:21:16 +0000,mame31,ツイピク重いし勝手に縮小されたりでぜんぜん使わなくなったのだけど、Twitterほんとに始めたばかりのころの写真が残ってるからセンチメンタルにならざるをえない。そして自分の描いた落書きが下手糞すぎて死ぬという
323848510145449984,Mon, 15 Apr 2013 17:21:16 +0000,tomokaaishitel,@kaityounohane Twitterとか人生なんで^^
323848507909885953,Mon, 15 Apr 2013 17:21:15 +0000,sky_mk_sny,フレンドランキング http://t.co/uxTseW3I1j http://t.co/OXiA1o18HX
323848507482058752,Mon, 15 Apr 2013 17:21:15 +0000,rap_,フォロー外しながらもべた褒めしちゃったりするtwitterってわけわかんねぁなあ
323848507251384322,Mon, 15 Apr 2013 17:21:15 +0000,ptgr13,悠のTwitterみて高校の写真みよった。遠い昔みたいなかんじ。今も楽しいし学ぶことばっかでほんまに充実しちゅうけどいちいち立ち止まって考えゆう暇がない。ほんっまに疲れる。食欲ないなてきた。戻りたいな〜 http://t.co/NmWCy3RIkD
323848505506553858,Mon, 15 Apr 2013 17:21:15 +0000,_hikarinnnnn,【定期】LINEやってます⊂⌒っ.°ω°)っ Twitterのユーザー名から“_(ｱﾝﾀﾞｰﾊﾞｰ)“を無くしたのがLINEのIDです! あらしっくさんはお気軽にー♡ 登録したらトーク飛ばしてください(╭☞.°ω°)ノิิิ
323848505137446912,Mon, 15 Apr 2013 17:21:15 +0000,tatsunoriorange,@YUUKITOKOI まぁ、Twitter見られたらバレるんだけどねww秘密のかんけいとか何か怪しいね(笑)
323848502524387328,Mon, 15 Apr 2013 17:21:14 +0000,fanaruji,Twitterでは気軽に吐ける「こんな手抜き育児してますテヘペロ話」もリアルで漏らす時には相手を選ぶなぁ。というか冗談通じない実母や義理母にはうかつに言えないw
323848484929277953,Mon, 15 Apr 2013 17:21:10 +0000,g631t1,【定期】TLに浮上していなくても、Twitterを見ている時が多くあります。なのでいきなり現れますけどよろしくお願いします[　'ω'　]
323848484111413249,Mon, 15 Apr 2013 17:21:10 +0000,GigaberutoJGSDF,はい。ちゃんとレンジャーとガンナーLv60です。　これでGu/Raに戻せる～　ちょっと今回は時間かかり過ぎたね。反省します。　　#PSO2   http://t.co/iIskFuwjUO
323848483998162944,Mon, 15 Apr 2013 17:21:10 +0000,transtter2,RT (at)eonline ケリーオズボーンは素晴らしい図、会合の減量を誇示：http://t.co/RbfKJ2no5w &amp;quot;私は私が今までしてきた、最も安全とコンテンツだ&amp;quot;
323848483167674368,Mon, 15 Apr 2013 17:21:09 +0000,i_m_so_taion,って、有吉が言ってたｗｗｗｗｗｗｗｗｗ RT @_kassukasu: ほげええそんなに？ RT @i_m_so_taion: Twitterに希望が見えるほど能天気なツイートだ。。。 RT @_kassukasu: そうなんだｗｗぜーんぜん知らんかったｗｗ RT
323848476939149313,Mon, 15 Apr 2013 17:21:08 +0000,firefirefire456,Twitterってたのしいね(＾ｰ^)ノ
323848470714802176,Mon, 15 Apr 2013 17:21:06 +0000,uver900,RT @miyuxj: 笑うｗ竹内さやLINEもTwitterもアイコンこれ(笑) http://t.co/tAT9E3MEo5
323848463269908480,Mon, 15 Apr 2013 17:21:05 +0000,AzNami,あーTwitterやってるか…
323848463236337664,Mon, 15 Apr 2013 17:21:05 +0000,ocaca13,なつかしいwww RT @2smtchi: Twitter遡ったら、私がまだ「柚子ちゃん」呼びで、柚子からも「えばんちゃん」予備で、なんか微笑ましかったwww
323848460824612865,Mon, 15 Apr 2013 17:21:04 +0000,ajisaka44,@kayohiko9514 @maimai_chicken いいえ。決めたんです。消せますよ。Twitter見てると辛いので。
323848458408706048,Mon, 15 Apr 2013 17:21:03 +0000,yupponnn,え､何この時間。7時に一回寝てそのまま寝てたずっと。何もしてないや。チロルチョコ3つ食べて寝てたあｰ..あｰ..寝起きて病む←考えすぎてまた夢でてきた、ぁたし気持ち悪い...wﾗｲﾝもTwitterも返してないとか初めてだあ..ごめんなさい。
323848448996675585,Mon, 15 Apr 2013 17:21:01 +0000,jyjcy_aya05,@smallhare よろしくね^^ 東京ドーム行ってたよ～!!もうちょっと早くTwitterで知り合えてたら逢えてたね(;o;)
323848447818072064,Mon, 15 Apr 2013 17:21:01 +0000,fuumin8_11,@8atsuminakahara こんばんは。いつもありがとうございます。あつみさんのことは、Twitter始める前からブログで知っていて、すごい方だなあと思っていました。Twitterで見つけたときにはあつみさんってほんとにいたんだって感じでした。
323848447625146368,Mon, 15 Apr 2013 17:21:01 +0000,runappe0125,@Komatte_R ずっきーさんのTwitterみたらちゃんとマスクしてて笑ってしまった(笑)
323848445649637376,Mon, 15 Apr 2013 17:21:00 +0000,yumi_yb,@Ym_To [定期/自動2] わたし(悠美)は時間帯決まってませんがTwitterに来る場合もあります♪　＠ツイートのリプライはわたしの手でしますよ！
323848437835640834,Mon, 15 Apr 2013 17:20:59 +0000,BG_all_stars,twitterに嫌気が差したのかな？・゜・(ノД`)・゜・
323848437361676290,Mon, 15 Apr 2013 17:20:58 +0000,n_mizunho,@muclass92 中継でTwitterを始めたと聞いて早速フォローさせていただきました。私は現在大学2年なのですが将来はサッカー記者、ライターになりたいと思っています。そのためには今からどういった行動をとるべきでしょうか？
323848434463412225,Mon, 15 Apr 2013 17:20:58 +0000,onigirichoudai,【粗品祭りその後について～地方の方編～】地方発送はお約束した方まででご勘弁を。お約束頂いた方々に全員届いたらTwitterにUP致しますので、画像でお楽しみ下さい。実物よりちょっといい感じに加工しちゃお～っと。
323848434194980865,Mon, 15 Apr 2013 17:20:58 +0000,HidetaFukushima,RT @umayado17 ご存知ですか？　チェルノブイリ事故と福島事故の汚染の違い http://t.co/Jv7UMpCcCo
323848430952800257,Mon, 15 Apr 2013 17:20:57 +0000,motomen100,@3 twitter初心者ではありませんアカウント消えたことにより新しく作成したアカウント新生まんちここです(*￣∇￣*)
323848429488975873,Mon, 15 Apr 2013 17:20:57 +0000,4Cyun_BC,なんのためのTwitterだよ！！
323848423499501568,Mon, 15 Apr 2013 17:20:55 +0000,sora_p4,パソコン開いてる時しかTwitter開かなくなったなー(´･ω･｀)←
323848423214284800,Mon, 15 Apr 2013 17:20:55 +0000,Achan1115,@ReiToire_orz それすごくわかる(真顔)でもTwitterしてるやつ結構これ知ってるんだよなあ・・((
323848422899724288,Mon, 15 Apr 2013 17:20:55 +0000,rabinya_,まかない http://t.co/xlXEFGcSB8
323848421742112769,Mon, 15 Apr 2013 17:20:55 +0000,gngn_glt,@n_n_nade @redster53ds 俺もやってることさっきのTwitterで分かった\(//∇//)\
323848420517359617,Mon, 15 Apr 2013 17:20:54 +0000,tsubasamasuwaka,Bambiのチョコレートだよん♪ RT @arinyan45_: @tsubasamasuwaka つーちゃん、このカラコンはなにつかってるのーヾ(＠＾▽＾＠)ノ？？ http://t.co/SU9igO4lYO
323848419783352320,Mon, 15 Apr 2013 17:20:54 +0000,objectxplosive,1台でも RAM のエラーレートが気になる領域かもしれないなー ➤ http://t.co/3I7cmXtNWG /via @riywo
323848418457948160,Mon, 15 Apr 2013 17:20:54 +0000,hi5atvxq,@Chamina218tvxq うちと出会えて喜んでんだろ＼(^o^)／？でも実際、ほんと東方神起すきになってなかったら、Twitterやってなかったら、出会えてない人たくさんいるし、すごいよなぁ。
323848418340519937,Mon, 15 Apr 2013 17:20:54 +0000,snsd9miyeon,@yuuchin0820 今久々にmixi開いたらゆうばかりだよwwwTwitterからの更新ばかり(ﾟДﾟ)この人気のなさは何なんだwTwitterの人気が去ったら次はFacebookだな(^-^;
323848416625037312,Mon, 15 Apr 2013 17:20:53 +0000,NaturalZ_Oki,@maminamikawa これをいつかまみとしたいよね(*´ω｀*)https://t.co/Q8gk7al3iw
323848413936496640,Mon, 15 Apr 2013 17:20:53 +0000,yoshidattk,仕事で手がけたサービスの評判をTwitterで検索してニヤニヤしてたら、ひと昔前は2ch見てヒヤヒヤしてた話を先輩から聞いた。いつの時代も同じなんですな。
323848413135376384,Mon, 15 Apr 2013 17:20:53 +0000,aisaka_104,【@_anmaki 】運命的な出会いした( ^ω^ )♡LINEやらTwitterやら絡んでる、そして相談ものってくれる優しい性格美人で外見可愛いです、私もあんまきが困った時は相談のりたいです、年下とか関係ないからなにかあったら相談してね！あんまき大好きで大事よ！！ #仲良し定期
323848413118599170,Mon, 15 Apr 2013 17:20:53 +0000,gan_men,@yoshikaaaaru オズフェスまで一月切っちゃいましたし、次回の大阪ライブ(まだまだ先っぽいw)と絡めたりして開催したい所存です！笑  それまでにまずTwitter上の椅子ファンさんとの人脈深めなきゃですねw
323848412279746560,Mon, 15 Apr 2013 17:20:52 +0000,momoclo_news,ももクロ念願 冬美とコラボ 西武ドームライブ 全国へ生中継 - 中日スポーツ http://t.co/ACQD4WfmGP #momoclo
323848409113063424,Mon, 15 Apr 2013 17:20:52 +0000,SQUARE_FAVORITE,↑の母です。うちの息子は勉強もせず四六時中PCに向かってTwitterをしているのでツイ禁させようと思います。☆を押すんだとわけのわからないことを言い始めるようになってしまって精神科への通院も考えています。今まで大変ご迷惑をおかけしました。
323848407678595072,Mon, 15 Apr 2013 17:20:51 +0000,samejima_kizan,もう本名でTwitterやっちゃいますか
323848402133716992,Mon, 15 Apr 2013 17:20:50 +0000,uverchance21,@uver_y8 ゆーちん コメントをTwitterに反映させんほうがいいで
323848401731080192,Mon, 15 Apr 2013 17:20:50 +0000,buletoreitan,Twitterみていて2h読まれていたの今知ったパチしてて気づかなかった
323848397960392705,Mon, 15 Apr 2013 17:20:49 +0000,ero_musumes,Twitter友が欲しいです＞＜ プロフにアドレスとかLINE、Skype ID載ってます。
323848394697228288,Mon, 15 Apr 2013 17:20:48 +0000,wasedashinkan,【サークル紹介】日本ソマリア青年機構(JSYO) - 早稲田大学を中心とした日本人学生とソマリア人ユースで構成されている学生団体です。(Twitterより引用)　http://t.co/OseEjwNAN4　.jsyo_
323848390318383104,Mon, 15 Apr 2013 17:20:47 +0000,saralinblue,RT @250favs: 社長がSNSに興味があるみたいでフェイスブックについて説明してたんだけれども 「フェイスブックはスーツ、mixiは私服、Twitterは全裸」っていう格言を思い出して、これ以上はしゃべらない事にした。 kayui_mimi
323848387596255232,Mon, 15 Apr 2013 17:20:47 +0000,ryokucha_xxx,起きてしもたやない！最近ほんっま寝れんくて！しかも今日はなんかぞわぞわして寝れんくて！風邪か！？そんでTwitter覗いたら！今ここである！
323848383615881217,Mon, 15 Apr 2013 17:20:46 +0000,muryo_reports,Twitter友募集してます♪
323848382630215680,Mon, 15 Apr 2013 17:20:45 +0000,daatyu,わろたwwwこいつはブロック済みでっす☆ ／ Twitter / Akachanman14: とうとう警察まで動かしよった（笑） http://t.co/9UIZC6K14u ... http://t.co/C5ACF2GUPD #twitr
323848369795657728,Mon, 15 Apr 2013 17:20:42 +0000,hatabow_da_joe,やっぱTwitterええやん。ぬるま湯のFacebookより本音が流れてくる。日本では仲良しこよしのツールになりつつある。そんなん求めるためにやったんじゃない。自分に反論する人から逃げ仲間で傷舐めあうなら他でやってくれ。人として好きかというのと意見が違うというのは別次元の話だ。
323848367950143488,Mon, 15 Apr 2013 17:20:42 +0000,ryuseiblue,RT @pre_cog: 電車で周りを見渡すとどいつもこいつもLINEかTwitterかパズドラやってる中で、一人手書きの数独やってるおっちゃんがいて安心した
323848367610425344,Mon, 15 Apr 2013 17:20:42 +0000,mioriii_n,@tomon_0114 @munchan_08 ともちゃんよこからごめんね。（笑）ぅん（笑）みぃ、Twitterあんまり自分から絡みにいかんから(´･_･`)
323848360685608961,Mon, 15 Apr 2013 17:20:40 +0000,0609Thebds,RT @ROYTHEBAWDIES: Twitterは日頃感じたコトを呟く場所だと聞いています…なので呟きます。。い、嫌だなぁ…髭剃りを他人に貸すの…次はちゃんと持って来てくれるかなぁ…舟山君。…聴くDANNY WHITE http://t.co/dlhHXGatWH http://t.co/UAq82kOUgm
323848357170782208,Mon, 15 Apr 2013 17:20:39 +0000,ilfdog,構ってほしぃ http://t.co/q3jTfO4vHw
323848356856221696,Mon, 15 Apr 2013 17:20:39 +0000,chaan_bu,１番仲の良いランキング1位@mossaaan1202位@michukorinko3位@srmepi→　http://t.co/CWlCDO4H4aあなたのランキングもチェック♫ http://t.co/yVfIZBTLNo
323848355484684288,Mon, 15 Apr 2013 17:20:39 +0000,yusu121015,@shinko629 今まで見てなかったけど身近にちょっとそっくりさんいた笑）本物のりオッパに送ってみよかなwwしかしね、送り方わからないって言うTwitter音痴(;^_^Aこれが本物ユチョンだったらなぁ~ http://t.co/Jkkt6sBYwa
323848353358163968,Mon, 15 Apr 2013 17:20:38 +0000,horse2_180,今作文しながらTwitterしてる
323848352670310402,Mon, 15 Apr 2013 17:20:38 +0000,nadesiko1231,この『ツイッターだけで日給５万円の不労所得』は、twitterを使っているだけで、自動的にどんどん収入が入ってくるシステムです。これからは、『ツイッターだけで日給５万円の不労所得』が、あなたに変わって収入を生み出してくれます。http://t.co/vF6Qu8mDSN
323848347771363330,Mon, 15 Apr 2013 17:20:37 +0000,109erika,@monkts8 最近あんまtwitterでれいかちゃん見かけんやったけんmixiにもあげたと（笑） よかった(*´∀｀*)
323848346185916416,Mon, 15 Apr 2013 17:20:37 +0000,rua_ramu,Twitterは？Twitterは？Twitterは？Twitterは？Twitterは？Twitterは？Twitterは？Twitterは？Twitterは？Twitterは？Twitterは？Twitterは？Twitterは？Twitterは？Twitterは？
323848345317679104,Mon, 15 Apr 2013 17:20:36 +0000,NEMOBRAND,@AVE_VH ちょっと普通にそれっぽいの作れてしまったので拡散されたらやばいのでTwitterではうpを控えるレベル
323848340464881664,Mon, 15 Apr 2013 17:20:35 +0000,cob_retty,【定期】twitter垢統一します。こっちの垢は凍結するので引き続きフォローしていただける方はお手数ですがcob001をフォローお願いします！こちらの垢はリムーブ・ブロックしていただいても構いません。
323848336585129985,Mon, 15 Apr 2013 17:20:34 +0000,yoshiarisa15,Twitterにおいてアイコンは｢こうありたい｣という内面を表現したもの。かわいいアイコンの人は｢かわいくありたい｣、美形アイコンの人は｢美しくありたい｣といった感じに。 loliaki
323848333762363392,Mon, 15 Apr 2013 17:20:34 +0000,71ichika,@yakisobazz  寝れないからTwitterに現れたのだよ('､3_ヽ)_
323848324136448004,Mon, 15 Apr 2013 17:20:31 +0000,YamaguchiNet,沸き立つ俵山温泉 高濃度水素が効能の秘密 山口 - MSN産経ニュース: 沸き立つ俵山温泉 高濃度水素が効能の秘密 山口MSN産経ニュース平安時代から秘湯中の秘湯とされながら利用客減に苦しんできた山口県長門市の山間の温泉... http://t.co/JQ0SYUolbU
323848314661502978,Mon, 15 Apr 2013 17:20:29 +0000,wau314,@nyaro_n Twitterやる気ないなら辞めたら？
323848314334375936,Mon, 15 Apr 2013 17:20:29 +0000,neblack_,CS2買ってヘビーメタルやったときはまじでこんな顔になった http://t.co/Ny3mSrLJjT
323848313566789632,Mon, 15 Apr 2013 17:20:29 +0000,_rototo,RT @wara_RT: 【モテる男性の特徴】 ○身長が170cm以上 ○清潔感がある ○物知りである ○話していて楽しい ○よく話を聞いてくれる ○自分を大きく見せない ○気づかいができ、優しい ○男の友達にも人気がある ○Twitterを利用していない ○Twitterを利用していない skst9
323848301776601089,Mon, 15 Apr 2013 17:20:26 +0000,whitegustab,ｱｱｱｯｯｯこんな時間から規制されてる人がいるﾙｳｳｩｳｳｗｗｗｗｗｗｗｗｗｗｗｗこの人は間違いなくネット依存ﾌｯﾌｩｳｳｳｗｗｗｗｗｗｗｗｗきっとTwitterが現実だと思い込んでるタイプだｧｱｱｗｗｗｗｗｗｗこんなキチガイにならなくて良かったｱｱｗｗｗｗｗｗｗｗｗｗｗｗｗｗｗ
323848296865087489,Mon, 15 Apr 2013 17:20:25 +0000,michiru_ldr,@ikotaepu site:-twitter　で多少は消えるかも試練
323848292796604416,Mon, 15 Apr 2013 17:20:24 +0000,moekkoraraberu,Pでもないし、別にインタネさんに限らず、例えばどっかの偉い人がTwitterやってるからって甘い汁吸う予定もないし。甘い汁吸いたくてちやほやするときはちゃんと名刺持って突撃しますし
323848290909167616,Mon, 15 Apr 2013 17:20:24 +0000,C_f_Nicolaus,https://t.co/lyOroUKCu3さすがにその経験は無いわ。カマキリ一匹を大事そうに持って帰るから
323848288912670720,Mon, 15 Apr 2013 17:20:23 +0000,TERAtacyotacyo,わああああーTwitterまで声で聞こえてくるーわああああー
323848285536284675,Mon, 15 Apr 2013 17:20:22 +0000,puchiko777,RT @chibaastray: Twitterで勝手にフォロー・ツイート、DMが送信される理由と対策 - たのしいiPhone！ AppBank http://t.co/t4Nc5cIpzM @appbankさんから
323848285519503360,Mon, 15 Apr 2013 17:20:22 +0000,oookoooomeooo,Twitterもオフも変わらないはず。だから無意味タグ／(^o^)＼← #オフで会ったことある人がTwitterとの違いを説明してくれる
323848285183942656,Mon, 15 Apr 2013 17:20:22 +0000,asanmin,RT @matsu_koma: 「Twitterアカウント持ってる？」と聞かれれば「良い機会なので作ろうと思います！　フォローするのでアカウント教えてくれますか？」と無垢な笑顔で答えて、先手を打ってブロックしておくのが今流の処世術なんでしょうか。
323848284961648640,Mon, 15 Apr 2013 17:20:22 +0000,kaisendon_bot,穴子ヅケ縁側丼 http://t.co/nMMJKR1B2c
323848284382851074,Mon, 15 Apr 2013 17:20:22 +0000,vo_ki_naraku,RT @Uturncurve: Twitterのために起きてるわけじゃないんだ…明日もそこそこに早いんだ…早く寝なきゃなんだ…課題終わらせなきゃ…
323848281052545026,Mon, 15 Apr 2013 17:20:21 +0000,2smtchi,Twitter遡ったら、私がまだ「柚子ちゃん」呼びで、柚子からも「えばんちゃん」予備で、なんか微笑ましかったwww
323848278837952513,Mon, 15 Apr 2013 17:20:21 +0000,eseewriter,@news_matome2 そこからもう一週 RT @news_matome2 郡山市長選は品川氏初当選 福島 - MSN産経ニュース http://t.co/959OymbzPR #newsJP #seiji
323848277617410049,Mon, 15 Apr 2013 17:20:20 +0000,rea_orenoyome,ｱｱｱｯｯｯこんな時間から規制されてる人がいるﾙｳｳｩｳｳｗｗｗｗｗｗｗｗｗｗｗｗこの人は間違いなくネット依存ﾌｯﾌｩｳｳｳｗｗｗｗｗｗｗｗｗきっとTwitterが現実だと思い込んでるタイプだｧｱｱｗｗｗｗｗｗｗこんなキチガイにならなくて良かったｱｱｗｗｗｗｗｗｗｗｗｗｗｗｗｗｗ
323848276191346689,Mon, 15 Apr 2013 17:20:20 +0000,RafcoInc,これなんでRTできてなかったんだろう。おかげでこんなつぶやきだけがぼっちになってしまった。（´・ω・｀）つ http://t.co/DRZq7SGJfi
323848275281190912,Mon, 15 Apr 2013 17:20:20 +0000,triathlonnewsjp,フェルディナント・ヤマグチ - 日経ビジネス オンライン http://t.co/LojZsw24Gg #トライアスロン
323848272718475264,Mon, 15 Apr 2013 17:20:19 +0000,gachako1122,@anngechan よめがたりないヽ(；▽；)ノわたしなんか全然ですよもっと頑張らないとw今嫁これ終ってTwitterきたの（笑）
323848271187562497,Mon, 15 Apr 2013 17:20:19 +0000,kaityounohane,@tomokaaishitel ｱｱｱｯこんな時間に規制されてる人がいるｳｳｩｳｳwwwwwwwwwwwwwこの人はTwitterが現実だと思ってるﾌｯﾌｳｳwwwwwwwwwwwwwwwwwwwwwwwwwwwwwwwwwwwwww こんなツイ廃にならなくてよかったｧｱwwww
323848270982025216,Mon, 15 Apr 2013 17:20:19 +0000,TrainTranmobile,株式投資これだけはやってはいけない [ 東保裕之 ]日経ビジネス人文庫 東保裕之 日本経済新聞出版社発行...http://t.co/FJgWLOlbME
323848270122201088,Mon, 15 Apr 2013 17:20:19 +0000,K__0627,【定期】ポケモンとかやってます!Twitterやってるときは大抵暇なので気軽にどうぞ!!タメでおkです
323848269157515264,Mon, 15 Apr 2013 17:20:18 +0000,facemanb,【フェイスブック】単行本（ソフトカバー） | 今からはじめるTwitter &amp; Facebook入門 | http://t.co/mSrD4vd8Jl | 篠田ヒロシ・佐々木和宏 | マイナビ
323848268389941248,Mon, 15 Apr 2013 17:20:18 +0000,TrainTranmobile,@visual_news1 「2013年度版　山本有花のやさしいFX投資法」 いかがですか？この本に関しては楽々一番で http://t.co/Aam9YDBBlp
323848266976473091,Mon, 15 Apr 2013 17:20:18 +0000,comcom444,建築家にネットで依頼サービスで図書カードプレゼント。2013/4/23まで http://t.co/vZWIdLv9Jn #kentikukairai
323848265118396416,Mon, 15 Apr 2013 17:20:17 +0000,wahooooo1979012,wahooooo1979012さんとお似合いの女性声優は「植田佳奈」さんです。 http://t.co/tck4uipuTM
323848263730081792,Mon, 15 Apr 2013 17:20:17 +0000,cherrymichu917,@a1103k08101 Twitter凍結されて,また作り直ししました！フォローしました！良かったらフォロバお願いします♪ヽ(´▽｀)/
323848262153031680,Mon, 15 Apr 2013 17:20:17 +0000,mozuku252525,春吉にある擬人化ネコカフェ「ギルル」というお店でネ娘ちゃんをやっていますっ。ぜひあそびにきてくださいにゃっ。ギルルHP→ http://t.co/arDirSOKSP ギルルTwitter→ @2535952492
323848260592730112,Mon, 15 Apr 2013 17:20:16 +0000,KUROKITUKI,【定期自動ポスト】Skype→　knervk 　コンタクトはご自由に…(「Twitterから」などと一言言って欲しいです)
323848258726281217,Mon, 15 Apr 2013 17:20:16 +0000,beast_now,あと勝手に人のTwitter見ないでくれよ…見せたくないから教えてないのに探すなよ…そしてフォロー丸パクリすんなよなぁ…
323848251415621632,Mon, 15 Apr 2013 17:20:14 +0000,h_sinholy,RAVE…だと…っ？！RT ／ Twitter / hiro_mashima: FAIRY TAILとRAVEのコラボ漫画がアニメ化です！3 ... http://t.co/V03cal3UGQ #twitr
323848248500576256,Mon, 15 Apr 2013 17:20:13 +0000,ddz_homucat,この前作った、こういう表情を女子にされるとけっこうキュンとくるんだよな。　https://t.co/iQTu3J3TSD
323848247707828224,Mon, 15 Apr 2013 17:20:13 +0000,kawoXshin,RT @nacoco37: 【爆笑注意】新人コンビニバイトの言動がもの凄く面白いとTwitterで話題に - NAVER まとめ http://t.co/P9emz1AVYN
323848247523291136,Mon, 15 Apr 2013 17:20:13 +0000,camua0223,@_hakuseki_ 私もなんとか元気よ！wいつもTwitterとかブログとか見て、楽しませて頂いておりまする(*∩´ω｀∩*)♪wそうか、YFC幕張で会った以来だ´｀wあっという間(&gt;_&lt;)w今年も、超会議とかGACKTのツアーとか、やっぱ来れない感じかね〜？(･ω･。)
323848244620845057,Mon, 15 Apr 2013 17:20:12 +0000,masaki_reina,RT @aRsxeRi: 《拡散希望》嵐グッズお譲りします。ミニうちわ（松本/相葉/櫻井）popcorn バック AAA＋in DOME ポストカード（松本/二宮/大野/櫻井）です。希望の商品と金額を明記してリプください。宜しくお願い致します。 http://t.co/MyCtKHK6TB
323848241248628736,Mon, 15 Apr 2013 17:20:12 +0000,o10ri490,いつか焼いたチーズタルト。 http://t.co/kUkOyUUS3O
323848240564948993,Mon, 15 Apr 2013 17:20:12 +0000,kurone22,火事の情報源がTwitterな私
323848231245185026,Mon, 15 Apr 2013 17:20:09 +0000,amasuo55,2、3日夜更かしでTwitterもみないで縫い物してる。体操服のゼッケンつけたり、早速前にアイロンでつけた名前が取れてつけなおし。靴下は支持されなければ白の靴下でなくていいのに履いていって泥んこで真っ黒だよ
323848226199461888,Mon, 15 Apr 2013 17:20:08 +0000,mikeru25_,あー調子悪いTwitterイライラ
323848221929656321,Mon, 15 Apr 2013 17:20:07 +0000,ske48pic,#松村香織 #SKE48BBQ松村香織の今夜も1コメダ#1６７https://t.co/u5kTzCFF2L http://t.co/3A6qBBP36U
323848219136249856,Mon, 15 Apr 2013 17:20:06 +0000,sasao330,RT @kn_tadayuu: 今日はあんまりTwitter出現できなくてごめんね(´･ω･`)夜って短い(´･ω･`)(´･ω･`)大好き♡ちゅっちゅ\( 'ω')/照おやすみ流星群\( 'ω')/♡ http://t.co/fEexFVOYGE
323848216703533056,Mon, 15 Apr 2013 17:20:06 +0000,koino1031,Pianist Say sentenced jail⇒ http://t.co/6DFBUMlFs0 トルコにおける言論の自由が問われ、イスタンブールオリンピック招致に影響しないか心配だ。 セイさんは、自分の発言が相手から見て「侮辱」に当る可能性を感じ取って、控えるべきだった。
323848212177903617,Mon, 15 Apr 2013 17:20:05 +0000,kenek___tttab54,Twitterってなに？   「情報収集するところだよ」  「友達と会話するところだよ」  「（☝ ՞ਊ ՞）☝」   ＿人人人人人人＿  ＞ （☝ ՞ਊ ՞）☝ ＜  ￣Y^Y^Y^Y^Y^Y￣
323848211745894400,Mon, 15 Apr 2013 17:20:05 +0000,kimonos777,@necobear21 桜の頃。素敵！楽しんで♪  以前、福島にりんご狩りに出掛けたこと。今、思いだしました。いも煮が美味しかった笑  Twitterの安心感。 使い方次第で素敵なツールになりますね。 アイちゃんの見つけてくれたホテル最高で！札幌の常宿にしたいと思いました。笑
323848207853576192,Mon, 15 Apr 2013 17:20:04 +0000,diving_bot_jp,RT Sithko GreenCJournal 海が好きらしいです。ダイビングも大好きらしいです。アビスの撮影でも役者がヒーコラしながら水に浸かると、横には一日中水に浸かってるのにイキイキカメラ回して…http://t.co/47irLHJXbB
323848204489728000,Mon, 15 Apr 2013 17:20:03 +0000,csjluv,ねっれなーい！また、もう寝ろ言われるやん(笑) Twitter編集しよかな？ホムペ復活させよかな？よし、どっちもしよ！
323848204196143104,Mon, 15 Apr 2013 17:20:03 +0000,ymuw1127,【定期】 山梨crew／19歳／LIVE：アリーナツアー&gt;&gt; 代々木1日目、SSA、next武道館／LIVE、Twitter、LINEでたくさんのcrewと仲良くしたいのでよろしくどーぞ♡♡ followしてくれた方リプお願いしますfollowしますヾ(^ิ౪^ิ*)ﾉﾞ* 
323848200471597056,Mon, 15 Apr 2013 17:20:02 +0000,_ks_bot_,【猿の惑星】　「KAZUYOSHI SAITO LIVE TOUR 2011-2012 "45 STONES" at 日本武道館2012.2.11」 http://t.co/Wx9k9G4T
323848199523672064,Mon, 15 Apr 2013 17:20:02 +0000,2chantennas,【懐古】つんく♂「2ch創成期に比べてtwitterやLINEの文章は酷い」 :ジャックログ  2chJacklog #2ch http://t.co/EWN1wO7d3a
323848195039961088,Mon, 15 Apr 2013 17:20:01 +0000,Kyoma_K_GS,寝付ければTwitterなんかいじってねぇよ…
323848192552738816,Mon, 15 Apr 2013 17:20:00 +0000,Longarch00,RT @Nanocent_SR: ついに達成者出現！672 名前：非通知さん 投稿日：2013/04/16(火) 00:17:36ミッド100枚達成したよーでもいくらGET押しても受け取れないよーまさか達成するとは思ってなくて未実装？ http://t.co/c6780J1Eo3
323848191776796672,Mon, 15 Apr 2013 17:20:00 +0000,caiko0219,[自動つぶやき]パソコンからしかtwitterいけないので返信遅いですがフォローミーなのです。
323848189553827840,Mon, 15 Apr 2013 17:19:59 +0000,Trend_Navi,Twitter1.#hayate_p2.#hayate3.#ann4.#listen11345.丑三つ時6.#ijuin7.おやすー8.ストア9.お知らせ10.夜更かしhttp://t.co/uURKxpBnhw
323848179508469761,Mon, 15 Apr 2013 17:19:57 +0000,27beat2,受験生ということで来年の春まであまりtwitterに来ることができません。アニメの時間は来るかもしれませんがｗなのでできれば存在を覚えてくれてると嬉しいですｗ #bot
323848177998520320,Mon, 15 Apr 2013 17:19:57 +0000,ayh2023,熱燗って呟いたら日本酒のアカウントからフォローされた(´･ω･`)メイドカフェの話したらカフェ関係からフォローされるしTwitter公開モード怖い。非公開に戻そうかな。
323848173724520449,Mon, 15 Apr 2013 17:19:56 +0000,Uturncurve,Twitterのために起きてるわけじゃないんだ…明日もそこそこに早いんだ…早く寝なきゃなんだ…課題終わらせなきゃ…
323848173250543617,Mon, 15 Apr 2013 17:19:55 +0000,_hyro,変に強いからこその失敗もあるけどね！wwwww RT @akn511: てかTwitterに居るDIRファンの方々って頭いいしネット関係強い人多いし何より自分で探したり調べたり出来てすごいなって思う
323848170276810752,Mon, 15 Apr 2013 17:19:55 +0000,ta9min_cp,Twitterやめられないだめだ
323848168758464512,Mon, 15 Apr 2013 17:19:54 +0000,BurningFireD,mixi日記を書きました！昭和の日アニソンVol2にでます！ #mixi_diary http://t.co/cLjpRavncw
323848168682950658,Mon, 15 Apr 2013 17:19:54 +0000,benisyuuhou,RT @_Twit_News_: 【爆笑注意】新人コンビニバイトの言動がもの凄く面白いとTwitterで話題に http://t.co/xxBVKFwITB　[PR]　http://t.co/QmC0J9lf5n
323848167911223296,Mon, 15 Apr 2013 17:19:54 +0000,x_rynx,僕ツイ廃じゃないんでよく分かんないんですけど電話よりTwitterの方が連絡つく勢って一定数いますよね！
323848166271238144,Mon, 15 Apr 2013 17:19:54 +0000,rua_ramu,Twitterは？
323848162240512001,Mon, 15 Apr 2013 17:19:53 +0000,ars_tvxq2418,@michuni264 だって殺人じゃんwwww あ！僕もtwitterで見ましたよ (笑) クリソツでしたwwww 僕は滅多に化粧しないんで～ㅎㅎ やっぱ化粧とかって面倒っすよwww コルちゃんメイク研究中なんだけどね‥わたしの顔には合わなかったwww ちょっと濃いからｐｑ
323848162064347136,Mon, 15 Apr 2013 17:19:53 +0000,0601Yuna,ツイキャスよくわかんな！Twitterがひどいことになってるんだけどw
323848156724994048,Mon, 15 Apr 2013 17:19:52 +0000,nyooooon24,Twitter更新したら文字でかくなった
323848151440162817,Mon, 15 Apr 2013 17:19:50 +0000,SnowHawk97,@takaeechi 久しぶり！笑いつもTwitterで元気な姿拝見させてもらってるわ(￣▽￣)バイトとか色々イライラがたまったんだよね(&gt;_&lt;)
323848149930225664,Mon, 15 Apr 2013 17:19:50 +0000,ilikedogs_y,「◇ドギーマン ノミペットカラー 小型犬用◎...」: 現在価格：180 円 入札：3 残り：4 時間 _ _ http://t.co/EUkn5fVdrl  #犬 #dog
323848140606300161,Mon, 15 Apr 2013 17:19:48 +0000,ocean_723,☞かななん☜かななん、（＾ν＾）前から、Twitterで繋がってたのに、最近、LINEとかで、仲良くなった、フォロワさん！！！顔見たことあるもんねー、見たことあるもんねー、ლ(///´◜◞⊜◟◝｀//////ლ)これからも、めっちゃ絡んでええええええええっ！！！！！
323848139280904192,Mon, 15 Apr 2013 17:19:47 +0000,mottyan09,分析の結果、@mottyan09は、平均すると2分おきにツイートしています。また1ツイートに平均で60.4文字、1日あたりにすると38414文字書いています。Twitterを始めてから累計905034文字を書きました。 続き→ http://t.co/xxrfiNH0Pa
323848136302931968,Mon, 15 Apr 2013 17:19:47 +0000,akb48img,Twitter 佐藤すみれそうちゃんとすうちゃん(￣▽￣) #AKB48 http://t.co/Y6YNIrKv5h
323848135099166720,Mon, 15 Apr 2013 17:19:46 +0000,mochapika,mixiもやってるからTwitterと両立難しいよなーとか使い始めは思ってたけれど、慣れれば便利ｗｗｗ
323848130351210496,Mon, 15 Apr 2013 17:19:45 +0000,yuka12371,RT @_Buzz_News_: 【泣ける】バイクで事故にあったカップルの彼氏の行動がカッコいいとTwitterで話題に http://t.co/H9OaCwcXkL　[PR]　http://t.co/pXb9muc13J
323848128212123648,Mon, 15 Apr 2013 17:19:45 +0000,MSC_okinawa,RT @pinklemelo: あ、明日火曜日20時～はニコニコお笑いドル公開生放送でございます。http://t.co/4w3xhJDWFLレベルアップしためろちょとTwitter放置して猛勉強中さきにゃんとちぇんちぇんさんに会いに来て下さいまし!
323848127385829376,Mon, 15 Apr 2013 17:19:45 +0000,mtPG28,RT @Junpei4649: 大根おじさん㉓大根おじさんご本人様から、メッセージをいただきました。ツイッターで、まさかの再会。@tokorozawaaisu なんと！昨夜お会いした方のtwitterを発見しました。話しかけてくるまでに様々な葛藤があったのですね。まるで、東京ラブストーリーの主題歌のようだ。
323848127109009408,Mon, 15 Apr 2013 17:19:44 +0000,yumi621tvxqsj,@renamin88 うんうん＼(^^)／いまからTIMEめっちゃたのしみや～＼(^^)／ http://t.co/fsRFaI6dlu
323848121870340096,Mon, 15 Apr 2013 17:19:43 +0000,donaldo0915,@miitanton Twitterしてるー♪ε=ヽ(*･∀･)ﾉ
323848121681580032,Mon, 15 Apr 2013 17:19:43 +0000,takunao2001,@taisuke_xxx_bot　夜中にすみませんm(_ _)mはじめましてm(_ _)mTwitter、はじめてなんですけど、これで、メッセージ届きました？(^^;)ナオミ☆
323848114026991618,Mon, 15 Apr 2013 17:19:41 +0000,natsumin_mingo,やっとお布団♪+.机と向き合ってました Twitter現れんかったけど、なつみは元気よよー*昨日一人で寝たから今日ね、ままとねんねー♪-.まま湯たんぽ隠し持ってた＼(^^)／
323848099749580801,Mon, 15 Apr 2013 17:19:38 +0000,Tommy_404,twitterの呪いにあう
323848098029912064,Mon, 15 Apr 2013 17:19:38 +0000,nami116,twitterで同期の人と仲良くなった時のテンションの上がりようはハンパないヽ(；▽；)ノ
323848094263414785,Mon, 15 Apr 2013 17:19:37 +0000,mottyan09,分析の結果、@mottyan09は、1日平均636回ツイートします。最も活発な時間帯は4〜6時頃です。ツイートの57.3%はひとりごとです。Twitter歴は48日です。 #ツイ廃  続き→ http://t.co/xxrfiNH0Pa
323848093684625409,Mon, 15 Apr 2013 17:19:37 +0000,juntaro0710,RT @xxshoodragonxx: 報告→→→→彼女できました*\(^o^)/*おんなじびっぺんさんです(⌒▽⌒)！重要→→→Twitter、CAS今まで通り                  絡んで下さい*\(^o^)/*！！ http://t.co/2DW1BMunxe
323848092963188736,Mon, 15 Apr 2013 17:19:36 +0000,TOROCOyuduki,@tona_ume 脂肪のなかの僕が、眠くなる魔法かけるから、となしゃは僕を数えながら、Twitter閉じて、暗闇に脂肪を思い浮かべて…(´Д｀)
323848092887707649,Mon, 15 Apr 2013 17:19:36 +0000,kona180,@derimon_2 Twitterはちょくちょくくるよ！元はと言えば２年の時にダラダラしすぎた俺の原因だから。がんばるありがとう
323848089737777152,Mon, 15 Apr 2013 17:19:36 +0000,2068061423,リフォロー100%です。Twitterのつながりをもっと！『フォロワー』を増やしたい!!という方ドンドンご利用ください。当アカウントをフォロー後「フォローされている」方をフォローしましょう。相互フォローに活用してください。
323848086436851712,Mon, 15 Apr 2013 17:19:35 +0000,kaede_hidori,【反応について】時々何処かの世界へトリップして反応が無い時があります。·········Twitterに居ても反応が無い時があります。······まぁ、そんな事もあります。
323848080304771072,Mon, 15 Apr 2013 17:19:33 +0000,momo_bank515,@kilto_rohm たぶん、ヤバイ人たちばかりのTwitterなんでしょうね・・・Twitterの内容を外で口に出せる人がどれだけいることか・・・
323848078350233600,Mon, 15 Apr 2013 17:19:33 +0000,0701CS,Twitterってアカウント消しても一ヶ月はアカウント再生出来るんやな
323848074713788416,Mon, 15 Apr 2013 17:19:32 +0000,seitarosu1,コートニーコックスTwitterやってた♡でも全部英文でなにいってんのかわからんち♡ http://t.co/xV28aqTTOl
323848068040650753,Mon, 15 Apr 2013 17:19:30 +0000,kiseki_member,青「＠黒　テツくううん！！！！私だよ！さつき！テツくんがTwitterやってるなんてしらなかった！青峰くん教えてくれればいいのに・・・。」
323848066908164098,Mon, 15 Apr 2013 17:19:30 +0000,NitRo_Katze,【飯テロ注意】この前の二郎画像な http://t.co/ATUXwJQFXF
323848064102187008,Mon, 15 Apr 2013 17:19:29 +0000,Loligons,そもそもそん時までTwitterやってるかどうか
323848063452082176,Mon, 15 Apr 2013 17:19:29 +0000,lem_c_9,Twitterで初期のフォロワーが消えていくのとゆびーちょで初期の曲が消えていくのは似ている
323848060344086528,Mon, 15 Apr 2013 17:19:29 +0000,mame_co,＜ンマー、笑ったよね夜中に。ありがとう…ニーチェ先生…！http://t.co/96vQI5tc81「大学の仏教学部に通う新人コンビニバイトの言動がもの凄く面白いとTwitterで話題になっています。 」
323848059920453632,Mon, 15 Apr 2013 17:19:28 +0000,septillion_,社会人になって気を付けないといけない事は､仕事の事はホントにtwitterとかに書いたらアカンって思った｡｡｡　信用失って､責任のある仕事を任せて貰えなくなるから･･･｡　社会人になったら､そのときの気分とか天気とか呟いていこｗ
323848059710758913,Mon, 15 Apr 2013 17:19:28 +0000,sekina0903,終わったら進撃ラジオに投稿してTwitterに来て感想言ってカニヴァについて話してるw
